cpg,partial_corr,corr_with_anchor,gene
cg12043145,-0.296,-0.227,.
cg07834418,-0.256,-0.181,.
cg08400494,-0.255,-0.074,CARS2
cg06706156,-0.245,-0.232,.
cg16956804,-0.238,-0.201,.
cg26058289,0.228,0.2,GRAMD4
cg07547054,-0.228,-0.128,"LINC00607,AC012668.2"
cg02566775,-0.22,0.039,PLAGL1
cg25741116,-0.22,-0.072,.
cg05035165,-0.219,0.137,.
cg00779216,-0.219,-0.091,COL6A3
cg10142452,-0.217,-0.268,C2orf16
cg20569228,-0.216,-0.108,RP11-403I13.8
cg12683880,-0.215,-0.234,.
cg03504160,-0.214,0.06,.
cg05846102,-0.211,-0.184,PRMT8
cg10068408,-0.207,0.161,SLC22A8
cg19460293,-0.207,-0.015,NOTCH4
cg20247455,-0.206,-0.136,.
cg09349933,-0.205,-0.224,.
cg07198150,-0.205,-0.002,COL24A1
cg03757398,-0.205,0.081,"TAF12,RAB42"
cg07703530,-0.204,-0.133,ZBTB10
cg07350919,-0.2,-0.168,SLIT3
cg03062252,0.2,0.304,MDGA1
cg02795546,-0.196,-0.244,"GCSAML,OR2C3"
cg05632420,-0.196,-0.081,"LINC-PINT,MKLN1"
cg23405351,-0.193,-0.2,UMAD1
cg07912144,-0.192,-0.142,NFATC1
cg06527267,-0.191,-0.09,.
